"t","rpm","chain","chainForceN","torque","mass","massError","rearMass","delivered","nonfinite","carried","penetratingKg","maxPenMm"
"0.10","19.10","0.000","0.00","0.00","60000.000894","0.000000000","6600.000098","0.000000","0","0","0.000000","0.000"
"1.20","80.00","0.000","0.00","0.00","60000.000894","0.000000000","6680.000100","0.000000","0","0","0.000000","0.000"
"2.30","80.00","0.000","0.00","0.00","60000.000894","0.000000000","6760.000101","0.000000","0","0","0.000000","0.000"
"3.40","78.69","0.000","0.00","54.70","60000.000894","0.000000000","6760.000101","0.000000","0","0","0.000000","0.000"
"4.40","74.61","0.000","0.00","133.70","60000.000894","0.000000000","6760.000101","0.000000","0","0","0.000000","0.000"
"5.40","78.41","0.000","0.00","12.50","60000.000894","0.000000000","6900.000103","0.000000","0","0","0.000000","0.000"
"6.40","77.48","-0.000","5.63","30.78","60000.000894","0.000000000","6900.000103","0.000000","0","0","0.000000","0.002"
"7.40","77.04","-0.000","4.12","48.55","60000.000894","0.000000000","6900.000103","0.000000","0","0","0.000000","1.340"
"8.40","77.98","0.000","-1.86","22.69","60000.000894","0.000000000","6511.800097","0.000000","0","0","0.000000","0.000"
"9.50","73.36","-0.000","3.25","178.56","60000.000894","0.000000000","6155.800092","0.000000","0","0","0.000000","0.339"
"10.60","78.97","-0.000","19.40","13.98","60000.000894","0.000000000","5921.800088","0.000000","0","0","0.000000","0.028"
"11.70","78.00","-0.000","0.23","18.54","60000.000894","0.000000000","6204.200092","0.000000","0","0","0.000000","0.214"
"12.80","77.92","0.000","-0.81","36.97","60000.000894","0.000000000","6282.800094","0.000000","0","0","0.000000","0.779"
"13.90","79.55","-0.000","8.03","10.96","60000.000894","0.000000000","6953.200104","0.000000","0","0","2.400000","3.316"
"15.00","79.92","-0.000","6.62","0.81","60000.000894","0.000000000","7308.000109","0.000000","0","0","0.000000","1.305"
"16.10","79.79","-0.000","34.62","0.35","60000.000894","0.000000000","7722.600115","0.000000","0","0","0.000000","0.235"
"17.20","79.71","-0.000","1.39","11.80","60000.000894","0.000000000","8057.000120","0.000000","0","0","0.000000","0.102"
"18.30","78.82","-0.000","2.20","14.75","60000.000894","0.000000000","8371.400125","0.000000","0","0","0.000000","0.000"
"19.40","79.49","-0.000","1.56","11.46","60000.000894","0.000000000","9047.400135","0.000000","0","0","0.000000","0.333"
"20.50","79.60","-0.000","0.60","3.04","60000.000894","0.000000000","8562.000128","0.000000","0","0","0.000000","0.140"
"21.60","79.54","-0.000","1.45","8.60","60000.000894","0.000000000","8467.800126","0.000000","0","0","0.000000","0.266"
"22.70","79.51","-0.000","5.03","13.40","60000.000894","0.000000000","8533.400127","0.000000","0","0","0.400000","2.097"
"23.80","78.25","-0.000","3.97","29.61","60000.000894","0.000000000","8916.800133","0.000000","0","0","0.000000","0.308"
"24.90","79.42","-0.000","6.27","13.39","60000.000894","0.000000000","8763.600131","0.000000","0","0","0.000000","0.437"
"26.00","79.05","0.000","-4.12","20.98","60000.000894","0.000000000","9098.800136","0.000000","0","0","0.000000","0.412"
"27.10","79.67","-0.000","6.59","4.23","60000.000894","0.000000000","9004.000134","0.000000","0","0","0.000000","0.000"
"28.20","77.24","-0.000","16.40","79.85","60000.000894","0.000000000","8939.000133","0.000000","0","0","0.000000","0.020"
"29.30","78.07","-0.000","2.74","31.90","60000.000894","0.000000000","9302.400139","0.000000","0","0","0.000000","0.115"
"30.40","79.38","-0.000","2.82","12.39","60000.000894","0.000000000","8907.000133","0.000000","0","0","0.000000","0.000"
"31.50","78.75","-0.000","34.33","15.32","60000.000894","0.000000000","9611.600143","0.000000","0","0","0.000000","0.320"
"32.60","79.77","-0.000","2.88","0.62","60000.000894","0.000000000","10462.600156","0.000000","0","0","0.000000","0.287"
"33.70","79.81","-0.000","12.14","7.99","60000.000894","0.000000000","9845.000147","0.000000","0","0","0.000000","0.233"
"34.80","78.89","0.000","-16.21","26.13","60000.000894","0.000000000","10068.600150","0.000000","0","0","0.000000","0.000"
"35.90","78.74","-0.000","24.32","40.35","60000.000894","0.000000000","10712.400160","0.000000","0","0","0.000000","1.418"
"37.00","78.55","-0.000","36.77","9.04","60000.000894","0.000000000","10579.200158","0.000000","0","0","0.000000","0.056"
"38.10","78.89","-0.000","23.13","26.60","60000.000894","0.000000000","9628.800143","0.000000","0","0","0.400000","2.157"
"39.20","79.82","-0.000","47.84","1.44","60000.000894","0.000000000","8892.400133","0.000000","0","0","0.000000","0.174"
"40.30","79.56","-0.000","0.50","5.18","60000.000894","0.000000000","9001.000134","0.000000","0","0","0.000000","0.216"
"41.40","78.38","0.000","-22.60","39.30","60000.000894","0.000000000","9375.200140","0.000000","0","0","0.000000","0.000"
"42.50","78.38","-0.000","12.50","19.47","60000.000894","0.000000000","9607.000143","0.000000","0","0","0.000000","0.004"
"43.60","76.67","0.000","-46.22","79.95","60000.000894","0.000000000","9203.000137","0.000000","0","0","0.000000","0.000"
"44.70","78.56","0.000","-1.14","13.87","60000.000894","0.000000000","8693.800130","0.000000","0","0","0.000000","0.378"
"45.80","75.76","-0.000","27.31","90.25","60000.000894","0.000000000","9120.400136","0.000000","0","0","0.000000","1.611"
"46.90","78.26","0.000","-1.52","22.56","60000.000894","0.000000000","9057.000135","0.000000","0","0","0.000000","0.261"
"48.00","78.20","0.000","-2.42","33.31","60000.000894","0.000000000","9368.400140","0.000000","0","0","0.000000","1.015"
"49.10","78.92","0.000","-6.52","44.55","60000.000894","0.000000000","10136.200151","0.000000","0","0","0.000000","0.692"
"50.20","79.75","-0.000","0.52","1.10","60000.000894","0.000000000","10087.400150","0.000000","0","0","0.000000","0.249"
"51.30","79.29","-0.000","42.41","10.07","60000.000894","0.000000000","9696.800144","0.000000","0","0","0.000000","0.178"
"52.40","79.30","-0.000","57.55","19.16","60000.000894","0.000000000","10321.800154","0.000000","0","0","0.000000","1.030"
"53.50","79.78","-0.000","19.78","9.34","60000.000894","0.000000000","10450.800156","0.000000","0","0","0.000000","0.223"
"54.60","79.61","-0.000","14.23","6.37","60000.000894","0.000000000","10969.400163","0.000000","0","0","0.000000","0.000"
"55.70","78.81","-0.000","9.17","11.96","60000.000894","0.000000000","10999.200164","0.000000","0","0","0.000000","0.000"
"56.80","79.84","0.000","-1.93","2.32","60000.000894","0.000000000","10917.000163","0.000000","0","0","0.000000","0.162"
"57.90","79.62","-0.000","10.48","16.15","60000.000894","0.000000000","11062.000165","0.000000","0","0","0.000000","1.228"
"59.00","79.64","0.000","-1.28","6.33","60000.000894","0.000000000","11283.000168","0.000000","0","0","0.000000","0.000"
"60.10","79.88","0.000","-9.09","1.57","60000.000894","0.000000000","11334.400169","0.000000","0","0","0.000000","0.000"
